setting,model,loss,time,picp,mpiw,mlpicp,mlmpiw,lpice
aci,ann,quantile,274.03468132019043,0.78125,4181.826879442709,0.7583815028901734,4129.389069302404,0.18075787784941555
aci,ann,tube,98.65378832817078,0.828125,3955.9623538536466,0.7982658959537572,3904.53257988564,0.1240571376842325
aci,lstm,quantile,262.26542472839355,0.8854166666666666,7005.035555018229,0.8471098265895953,6993.222673501825,0.07593349691511145
aci,lstm,tube,142.97384548187256,0.9322916666666666,5823.282222986979,0.8950867052023119,5845.320957176908,0.033573317233449
aci,tcn,quantile,355.1217215061188,0.9427083333333334,5564.786209165625,0.8971098265895956,5538.268521748951,0.03665965951612414
aci,tcn,tube,185.07239866256717,0.921875,4778.178931325,0.8760115606936415,4722.201407333374,0.05638431299080527
