model,loss,picp,mpiw,standard_dev,time
ann,quantile,0.78125,4181.82666015625,6.944444444444457e-05,274.03468132019043
ann,tube,0.828125,3955.962158203125,0.0,98.65378832817078
lstm,quantile,0.8854166666666666,7005.03662109375,0.0003390522875816,262.26542472839355
lstm,tube,0.9322916666666666,5823.28271484375,0.0001797385620915,142.97384548187256
tcn,quantile,0.9427083333333334,5564.78662109375,3.6764705882353006e-05,355.1217215061188
tcn,tube,0.921875,4778.17919921875,0.0,185.07239866256717
