setting,model,loss,time,picp,mpiw,mlpicp,mlmpiw,lpice
withoutaci,ann,quantile,10.967201232910156,0.7341772151898734,3953.42250227848,0.7341666666666667,3913.4780878157894,0.1933261492918121
withoutaci,ann,tube,1.6852800846099854,0.8607594936708861,3805.3487005696206,0.8541666666666664,3772.0559096614033,0.0755535130442876
withoutaci,lstm,quantile,2.755080461502075,0.810126582278481,5735.187667088609,0.7933333333333334,5689.190306052632,0.12974333637352378
withoutaci,lstm,tube,1.6562001705169678,0.9240506329113924,3772.790240265822,0.8833333333333333,3680.0364470324557,0.04281744192888377
withoutaci,tcn,quantile,5.203335762023926,0.9620253164556962,5619.684399282279,0.9166666666666666,5590.99769824535,0.027386127875258327
withoutaci,tcn,tube,2.6727120876312256,0.8987341772151899,4219.264815741772,0.8524999999999999,4147.024703219649,0.08920949127381761
