model,loss,picp,mpiw,standard_dev,time
ann,quantile,0.8607594936708861,3805.348876953125,0.0023333333333333,3.4600651264190674
ann,tube,0.8607594936708861,3805.348876953125,0.0022033898305084,2.291655302047729
lstm,quantile,0.810126582278481,5735.1884765625,0.0095762711864406,5.60018253326416
lstm,tube,0.9240506329113924,3772.7900390625,0.0003389830508474,2.7992186546325684
tcn,quantile,0.9620253164556962,5619.6845703125,0.0,8.447838544845581
tcn,tube,0.8987341772151899,4219.2646484375,0.0041101694915254,3.81119966506958
